<?xml version="1.0" encoding="utf-8"?>
<Tabla>
<Simbolo>
    <ID>1</ID>
    <Elemento>inicio</Elemento>
    <Atributo>Palabra Reservada</Atributo>
    <Tipo></Tipo>
</Simbolo>
<Simbolo>
    <ID>2</ID>
    <Elemento>fin</Elemento>
    <Atributo>Palabra Reservada</Atributo>
    <Tipo></Tipo>
</Simbolo>
<Simbolo>
    <ID>3</ID>
    <Elemento>bol</Elemento>
    <Atributo>Palabra Reservada</Atributo>
    <Tipo>bool</Tipo>
</Simbolo>
<Simbolo>
    <ID>4</ID>
    <Elemento>byt</Elemento>
    <Atributo>Palabra Reservada</Atributo>
    <Tipo>byte</Tipo>
</Simbolo>
<Simbolo>
    <ID>5</ID>
    <Elemento>ent</Elemento>
    <Atributo>Palabra Reservada</Atributo>
    <Tipo>int</Tipo>
</Simbolo>
<Simbolo>
    <ID>6</ID>
    <Elemento>car</Elemento>
    <Atributo>Palabra Reservada</Atributo>
    <Tipo>char</Tipo>
</Simbolo>
<Simbolo>
    <ID>7</ID>
    <Elemento>nada</Elemento>
    <Atributo>Palabra Reservada</Atributo>
    <Tipo>null</Tipo>
</Simbolo>
<Simbolo>
    <ID>8</ID>
    <Elemento>txt</Elemento>
    <Atributo>Palabra Reservada</Atributo>
    <Tipo>string</Tipo>
</Simbolo>
<Simbolo>
    <ID>9</ID>
    <Elemento>dbl</Elemento>
    <Atributo>Palabra Reservada</Atributo>
    <Tipo>double</Tipo>
</Simbolo>
<Simbolo>
    <ID>10</ID>
    <Elemento>deci</Elemento>
    <Atributo>Palabra Reservada</Atributo>
    <Tipo>decimal</Tipo>
</Simbolo>
<Simbolo>
    <ID>11</ID>
    <Elemento>flota</Elemento>
    <Atributo>Palabra Reservada</Atributo>
    <Tipo>float</Tipo>
</Simbolo>
<Simbolo>
    <ID>12</ID>
    <Elemento>cualquiera</Elemento>
    <Atributo>Palabra Reservada</Atributo>
    <Tipo>object</Tipo>
</Simbolo>
<Simbolo>
    <ID>13</ID>
    <Elemento>verdadero</Elemento>
    <Atributo>Palabra Reservada</Atributo>
    <Tipo>true</Tipo>
</Simbolo>
<Simbolo>
    <ID>14</ID>
    <Elemento>falso</Elemento>
    <Atributo>Palabra Reservada</Atributo>
    <Tipo>false</Tipo>
</Simbolo>

<Simbolo>
    <ID>15</ID>
    <Elemento>constante</Elemento>
    <Atributo>Palabra Reservada</Atributo>
    <Tipo>const</Tipo>
</Simbolo>
<Simbolo>
    <ID>16</ID>
    <Elemento>si</Elemento>
    <Atributo>Palabra Reservada</Atributo>
    <Tipo></Tipo>
</Simbolo>
<Simbolo>
    <ID>17</ID>
    <Elemento>finSi</Elemento>
    <Atributo>Palabra Reservada</Atributo>
    <Tipo></Tipo>
</Simbolo>
<Simbolo>
    <ID>18</ID>
    <Elemento>sino</Elemento>
    <Atributo>Palabra Reservada</Atributo>
    <Tipo></Tipo>
</Simbolo>
<Simbolo>
    <ID>19</ID>
    <Elemento>finSino</Elemento>
    <Atributo>Palabra Reservada</Atributo>
    <Tipo></Tipo>
</Simbolo>
<Simbolo>
    <ID>20</ID>
    <Elemento>mientras</Elemento>
    <Atributo>Palabra Reservada</Atributo>
    <Tipo></Tipo>
</Simbolo>
<Simbolo>
    <ID>21</ID>
    <Elemento>finMientras</Elemento>
    <Atributo>Palabra Reservada</Atributo>
    <Tipo></Tipo>
</Simbolo>
<Simbolo>
    <ID>22</ID>
    <Elemento>desde</Elemento>
    <Atributo>Palabra Reservada</Atributo>
    <Tipo></Tipo>
</Simbolo>
<Simbolo>
    <ID>23</ID>
    <Elemento>finDesde</Elemento>
    <Atributo>Palabra Reservada</Atributo>
    <Tipo></Tipo>
</Simbolo>
<Simbolo>
    <ID>24</ID>
    <Elemento>pintar</Elemento>
    <Atributo>Palabra Reservada</Atributo>
    <Tipo></Tipo>
</Simbolo>
<Simbolo>
    <ID>25</ID>
    <Elemento>leer</Elemento>
    <Atributo>Palabra Reservada</Atributo>
    <Tipo></Tipo>
</Simbolo>
<Simbolo>
    <ID>26</ID>
    <Elemento>convertir</Elemento>
    <Atributo>Palabra Reservada</Atributo>
    <Tipo></Tipo>
</Simbolo>
<Simbolo>
    <ID>27</ID>
    <Elemento>aTexto</Elemento>
    <Atributo>Palabra Reservada</Atributo>
    <Tipo></Tipo>
</Simbolo>
<Simbolo>
    <ID>28</ID>
    <Elemento>"</Elemento>
    <Atributo>Cadenas</Atributo>
    <Tipo></Tipo>
</Simbolo>
<Simbolo>
    <ID>29</ID>
    <Elemento>'</Elemento>
    <Atributo>Cadenas</Atributo>
    <Tipo></Tipo>
</Simbolo>
<Simbolo>
    <ID>30</ID>
    <Elemento>#</Elemento>
    <Atributo>Delimitador de Comentarios</Atributo>
    <Tipo></Tipo>
</Simbolo>
<Simbolo>
    <ID>31</ID>
    <Elemento>;</Elemento>
    <Atributo>Fin de Linea</Atributo>
    <Tipo></Tipo>
</Simbolo>
<Simbolo>
    <ID>32</ID>
    <Elemento>.</Elemento>
    <Atributo>Delimitador de Propiedades</Atributo>
    <Tipo></Tipo>
</Simbolo>
<Simbolo>
    <ID>33</ID>
    <Elemento>[</Elemento>
    <Atributo>Operador</Atributo>
    <Tipo></Tipo>
</Simbolo>
<Simbolo>
    <ID>34</ID>
    <Elemento>[</Elemento>
    <Atributo>Operador</Atributo>
    <Tipo></Tipo>
</Simbolo>
<Simbolo>
    <ID>35</ID>
    <Elemento>(</Elemento>
    <Atributo>Operador</Atributo>
    <Tipo></Tipo>
</Simbolo>
<Simbolo>
    <ID>36</ID>
    <Elemento>)</Elemento>
    <Atributo>Operador</Atributo>
    <Tipo></Tipo>
</Simbolo>
<Simbolo>
    <ID>37</ID>
    <Elemento>+</Elemento>
    <Atributo>Operador Aritmetico</Atributo>
    <Tipo></Tipo>
</Simbolo>
<Simbolo>
    <ID>38</ID>
    <Elemento>-</Elemento>
    <Atributo>Operador Aritmetico</Atributo>
    <Tipo></Tipo>
</Simbolo>
<Simbolo>
    <ID>39</ID>
    <Elemento>*</Elemento>
    <Atributo>Operador Aritmetico</Atributo>
    <Tipo></Tipo>
</Simbolo>
<Simbolo>
    <ID>40</ID>
    <Elemento>/</Elemento>
    <Atributo>Operador Aritmetico</Atributo>
    <Tipo></Tipo>
</Simbolo>
<Simbolo>
    <ID>41</ID>
    <Elemento>!</Elemento>
    <Atributo>Operador</Atributo>
    <Tipo></Tipo>
</Simbolo>
<Simbolo>
    <ID>42</ID>
    <Elemento>=</Elemento>
    <Atributo>Operador</Atributo>
    <Tipo></Tipo>
</Simbolo>
<Simbolo>
    <ID>43</ID>
    <Elemento>|</Elemento>
    <Atributo>Operador</Atributo>
    <Tipo></Tipo>
</Simbolo>
<Simbolo>
    <ID>44</ID>
    <Elemento>espera</Elemento>
    <Atributo>Palabra Reservada</Atributo>
    <Tipo></Tipo>
</Simbolo>
<Simbolo>
    <ID>45</ID>
    <Elemento>aEntero</Elemento>
    <Atributo>Palabra Reservada</Atributo>
    <Tipo></Tipo>
</Simbolo>
<Simbolo>
    <ID>46</ID>
    <Elemento>aDecimal</Elemento>
    <Atributo>Palabra Reservada</Atributo>
    <Tipo></Tipo>
</Simbolo>
<Simbolo>
    <ID>47</ID>
    <Elemento>entonces</Elemento>
    <Atributo>Palabra Reservada</Atributo>
    <Tipo></Tipo>
</Simbolo>
<Simbolo>
    <ID>48</ID>
    <Elemento>hacer</Elemento>
    <Atributo>Palabra Reservada</Atributo>
    <Tipo></Tipo>
</Simbolo>
<Simbolo>
    <ID>49</ID>
    <Elemento>finPintar</Elemento>
    <Atributo>Palabra Reservada</Atributo>
    <Tipo></Tipo>
</Simbolo>
</Tabla>